user_query,command,description
"Open `config.conf` in Nano, showing line numbers",nano -l config.conf,Opens config.conf in Nano with line numbers.
"Edit `config.conf` with Nano, displaying line numbers",nano -l config.conf,Opens config.conf in Nano with line numbers.
Launch Nano for `config.conf` and enable line numbering,nano -l config.conf,Opens config.conf in Nano with line numbers.
"Please open `config.conf` using Nano, with line numbers",nano -l config.conf,Opens config.conf in Nano with line numbers.
I need to view `config.conf` in Nano with line numbers,nano -l config.conf,Opens config.conf in Nano with line numbers.
"Start Nano on `config.conf`, making sure line numbers are visible",nano -l config.conf,Opens config.conf in Nano with line numbers.
"Run Nano on `config.conf`, and show the line numbers",nano -l config.conf,Opens config.conf in Nano with line numbers.
Edit `config.conf` using Nano; please include line numbers,nano -l config.conf,Opens config.conf in Nano with line numbers.
"Open `config.conf` in Nano, with line number display active",nano -l config.conf,Opens config.conf in Nano with line numbers.
Launch `nano` to open `config.conf` and display line numbers,nano -l config.conf,Opens config.conf in Nano with line numbers.
Could you open `config.conf` in Nano and show line numbers?,nano -l config.conf,Opens config.conf in Nano with line numbers.
I want to open `config.conf` in Nano and see the line numbers,nano -l config.conf,Opens config.conf in Nano with line numbers.
Move up one directory,cd ..,Moves up one directory level.
Go to the parent directory,cd ..,Moves up one directory level.
How do I navigate up a level?,cd ..,Moves up one directory level.
Take me back one directory,cd ..,Moves up one directory level.
I need to go up one folder,cd ..,Moves up one directory level.
What's the command to ascend one directory?,cd ..,Moves up one directory level.
Can you move me out of this directory and into the one above it?,cd ..,Moves up one directory level.
I want to switch to the containing directory,cd ..,Moves up one directory level.
Execute the command to go up a directory,cd ..,Moves up one directory level.
Send me up one directory level,cd ..,Moves up one directory level.
Change directory to the one above this,cd ..,Moves up one directory level.
Go back to the previous directory in the hierarchy,cd ..,Moves up one directory level.
List files with their permissions and human-readable sizes,ls -lh,Lists files in long format with human-readable sizes.
How do I get a detailed listing of files with sizes like KB or MB?,ls -lh,Lists files in long format with human-readable sizes.
"Show me a verbose list of files, including their sizes in an easy-to-read format",ls -lh,Lists files in long format with human-readable sizes.
"I need to see all file details, with human-friendly sizes",ls -lh,Lists files in long format with human-readable sizes.
Display a long listing of directory contents with understandable file sizes,ls -lh,Lists files in long format with human-readable sizes.
What's the command for a detailed file listing with human-readable size units?,ls -lh,Lists files in long format with human-readable sizes.
"Can you list the files and show their sizes in K, M, G?",ls -lh,Lists files in long format with human-readable sizes.
Give me a comprehensive file list that includes sizes in a readable format,ls -lh,Lists files in long format with human-readable sizes.
How can I view file permissions and human-friendly sizes together?,ls -lh,Lists files in long format with human-readable sizes.
I want to list files and have the output display file sizes in KB/MB/GB,ls -lh,Lists files in long format with human-readable sizes.
"Show me the full details of the files, with sizes displayed in a human-readable way",ls -lh,Lists files in long format with human-readable sizes.
"List all files verbosely, showing sizes in an easy-to-understand format",ls -lh,Lists files in long format with human-readable sizes.
How do I copy file.txt to file.bak?,cp file.txt file.bak,Creates a backup copy of file.txt as file.bak.
What's the command to make a backup copy of file.txt named file.bak?,cp file.txt file.bak,Creates a backup copy of file.txt as file.bak.
I need to duplicate file.txt as file.bak. Which command should I use?,cp file.txt file.bak,Creates a backup copy of file.txt as file.bak.
Can you give me the exact command to copy file.txt and save it as file.bak?,cp file.txt file.bak,Creates a backup copy of file.txt as file.bak.
"On Linux, how do I create file.bak from file.txt?",cp file.txt file.bak,Creates a backup copy of file.txt as file.bak.
What's the standard way to copy file.txt to a new file called file.bak?,cp file.txt file.bak,Creates a backup copy of file.txt as file.bak.
Show me the command to copy file.txt to file.bak,cp file.txt file.bak,Creates a backup copy of file.txt as file.bak.
How can I make an identical copy of file.txt and name it file.bak?,cp file.txt file.bak,Creates a backup copy of file.txt as file.bak.
Please provide the command to copy file.txt to file.bak,cp file.txt file.bak,Creates a backup copy of file.txt as file.bak.
I want to create a backup `file.bak` of `file.txt`. What command do I run?,cp file.txt file.bak,Creates a backup copy of file.txt as file.bak.
"How do you copy a file, specifically `file.txt` to `file.bak`?",cp file.txt file.bak,Creates a backup copy of file.txt as file.bak.
What's the Linux command for copying `file.txt` to `file.bak`?,cp file.txt file.bak,Creates a backup copy of file.txt as file.bak.
How do I move `file.txt` to the `/tmp` directory?,mv file.txt /tmp,Moves file.txt to the /tmp directory.
What's the command to relocate `file.txt` to `/tmp`?,mv file.txt /tmp,Moves file.txt to the /tmp directory.
I need to put `file.txt` into `/tmp`. How can I do that?,mv file.txt /tmp,Moves file.txt to the /tmp directory.
Can you show me the `mv` command to shift `file.txt` to `/tmp`?,mv file.txt /tmp,Moves file.txt to the /tmp directory.
How do I transfer `file.txt` into the temporary directory?,mv file.txt /tmp,Moves file.txt to the /tmp directory.
What's the proper way to get `file.txt` into `/tmp` using the terminal?,mv file.txt /tmp,Moves file.txt to the /tmp directory.
I want to move `file.txt` to `/tmp`. Which command should I use?,mv file.txt /tmp,Moves file.txt to the /tmp directory.
Tell me how to move `file.txt` to `/tmp`,mv file.txt /tmp,Moves file.txt to the /tmp directory.
How can I use `mv` to send `file.txt` to the `/tmp` folder?,mv file.txt /tmp,Moves file.txt to the /tmp directory.
What's the syntax to move `file.txt` from its current location to `/tmp`?,mv file.txt /tmp,Moves file.txt to the /tmp directory.
Could you provide the command to place `file.txt` inside `/tmp`?,mv file.txt /tmp,Moves file.txt to the /tmp directory.
I need to move a file named `file.txt` into the `/tmp` filesystem path. How is that done?,mv file.txt /tmp,Moves file.txt to the /tmp directory.
"Delete file.txt, but ask for confirmation",rm -i file.txt,Deletes file.txt with interactive confirmation.
"Remove file.txt, and prompt me before deleting",rm -i file.txt,Deletes file.txt with interactive confirmation.
"Erase file.txt, confirming interactively",rm -i file.txt,Deletes file.txt with interactive confirmation.
Can you safely delete file.txt for me?,rm -i file.txt,Deletes file.txt with interactive confirmation.
"I need to remove file.txt, but please make sure it asks me to confirm",rm -i file.txt,Deletes file.txt with interactive confirmation.
"Delete file.txt, but only after I approve the action",rm -i file.txt,Deletes file.txt with interactive confirmation.
"Get rid of file.txt, and confirm the operation before proceeding",rm -i file.txt,Deletes file.txt with interactive confirmation.
"Please remove file.txt, but with an 'are you sure?' prompt",rm -i file.txt,Deletes file.txt with interactive confirmation.
"I want to delete file.txt, but it needs a confirmation step",rm -i file.txt,Deletes file.txt with interactive confirmation.
"Remove file.txt, but double-check with me first",rm -i file.txt,Deletes file.txt with interactive confirmation.
"Erase file.txt, but ensure there's an interactive prompt",rm -i file.txt,Deletes file.txt with interactive confirmation.
"Could you delete file.txt, but require my explicit confirmation?",rm -i file.txt,Deletes file.txt with interactive confirmation.
How do I display `script.sh` with line numbers?,cat -n script.sh,Displays script.sh with line numbers.
Show me `script.sh` with numbered lines,cat -n script.sh,Displays script.sh with line numbers.
What's the command to view `script.sh` and include line numbers?,cat -n script.sh,Displays script.sh with line numbers.
I need to see `script.sh` with its lines numbered. How do I do that?,cat -n script.sh,Displays script.sh with line numbers.
Can you tell me how to `cat` a file like `script.sh` and show line numbers?,cat -n script.sh,Displays script.sh with line numbers.
How can I print `script.sh` to the terminal with each line preceded by a number?,cat -n script.sh,Displays script.sh with line numbers.
I want to list the contents of `script.sh` with line numbering enabled,cat -n script.sh,Displays script.sh with line numbers.
What command will display `script.sh` and automatically add line numbers?,cat -n script.sh,Displays script.sh with line numbers.
Help me view `script.sh` with line numbers,cat -n script.sh,Displays script.sh with line numbers.
Could you give me the command to output `script.sh` with numbered lines?,cat -n script.sh,Displays script.sh with line numbers.
I'm looking for a way to show `script.sh` with line numbers,cat -n script.sh,Displays script.sh with line numbers.
How do I get `cat` to output `script.sh` with numbered lines?,cat -n script.sh,Displays script.sh with line numbers.
How do I open `logfile.txt` with `less` and go straight to the end?,less +G logfile.txt,"Opens logfile.txt in less, starting at the end."
What's the `less` command to view `logfile.txt` starting from the last line?,less +G logfile.txt,"Opens logfile.txt in less, starting at the end."
I need to display the very end of `logfile.txt` using `less`. How do I do that?,less +G logfile.txt,"Opens logfile.txt in less, starting at the end."
How can I make `less` open `logfile.txt` directly to its bottom?,less +G logfile.txt,"Opens logfile.txt in less, starting at the end."
What's the quickest way to view the most recent entries in `logfile.txt` with `less`?,less +G logfile.txt,"Opens logfile.txt in less, starting at the end."
Could you show me how to open `logfile.txt` in `less` and have it positioned at the end?,less +G logfile.txt,"Opens logfile.txt in less, starting at the end."
"I want to use `less` to look at `logfile.txt`, but I only care about the last part",less +G logfile.txt,"Opens logfile.txt in less, starting at the end."
Which `less` option will open `logfile.txt` right at the very end of the file?,less +G logfile.txt,"Opens logfile.txt in less, starting at the end."
"How do I view `logfile.txt` with `less`, jumping immediately to the end?",less +G logfile.txt,"Opens logfile.txt in less, starting at the end."
"Display `logfile.txt` using `less`, but start me at the bottom",less +G logfile.txt,"Opens logfile.txt in less, starting at the end."
Is there a `less` command to open `logfile.txt` and immediately scroll to the last line?,less +G logfile.txt,"Opens logfile.txt in less, starting at the end."
I want to check the end of `logfile.txt` using `less`. What's the command?,less +G logfile.txt,"Opens logfile.txt in less, starting at the end."
How do I see the first 20 lines of access.log?,head -n 20 access.log,Displays the first 20 lines of access.log.
Show me the top 20 lines of access.log,head -n 20 access.log,Displays the first 20 lines of access.log.
What's the command to display the first 20 lines of access.log?,head -n 20 access.log,Displays the first 20 lines of access.log.
I need to view the beginning 20 lines of access.log,head -n 20 access.log,Displays the first 20 lines of access.log.
Get the first 20 lines from access.log,head -n 20 access.log,Displays the first 20 lines of access.log.
How can I print the initial 20 lines of access.log?,head -n 20 access.log,Displays the first 20 lines of access.log.
Display the first twenty lines of access.log,head -n 20 access.log,Displays the first 20 lines of access.log.
"I want to look at the start of access.log, just the first 20 lines",head -n 20 access.log,Displays the first 20 lines of access.log.
What's the `head` command for 20 lines of access.log?,head -n 20 access.log,Displays the first 20 lines of access.log.
Can you tell me how to extract the first 20 lines of access.log?,head -n 20 access.log,Displays the first 20 lines of access.log.
Show me only the first 20 lines from access.log,head -n 20 access.log,Displays the first 20 lines of access.log.
Output the first 20 lines of the access.log file,head -n 20 access.log,Displays the first 20 lines of access.log.
"Show me the `error.log` file, but start from the second line",tail -n +2 error.log,Displays error.log starting from the second line.
I need to see `error.log` without the first line,tail -n +2 error.log,Displays error.log starting from the second line.
Can you display `error.log` from line two onwards?,tail -n +2 error.log,Displays error.log starting from the second line.
"What does `error.log` contain, skipping the very first entry?",tail -n +2 error.log,Displays error.log starting from the second line.
Output `error.log` beginning with its second line,tail -n +2 error.log,Displays error.log starting from the second line.
"Get me the contents of `error.log`, excluding the header line",tail -n +2 error.log,Displays error.log starting from the second line.
View `error.log` from the second line,tail -n +2 error.log,Displays error.log starting from the second line.
"I need to analyze `error.log`, but the first line isn't relevant; show me everything else",tail -n +2 error.log,Displays error.log starting from the second line.
Start displaying `error.log` from the second line,tail -n +2 error.log,Displays error.log starting from the second line.
Display `error.log` after the first line,tail -n +2 error.log,Displays error.log starting from the second line.
"Could you please print `error.log`, commencing from the second line?",tail -n +2 error.log,Displays error.log starting from the second line.
Skip the first line of `error.log` and show me the rest,tail -n +2 error.log,Displays error.log starting from the second line.
How do I go back to the previous directory?,cd -,Returns to the previous directory.
What's the command to return to the last directory?,cd -,Returns to the previous directory.
I need to switch back to where I was before,cd -,Returns to the previous directory.
Take me to the directory I was just in,cd -,Returns to the previous directory.
How can I jump back to my previous working directory?,cd -,Returns to the previous directory.
Revert to the last visited directory,cd -,Returns to the previous directory.
Is there a quick way to get back to the folder I just left?,cd -,Returns to the previous directory.
What's the shortcut to go to the directory I was in before?,cd -,Returns to the previous directory.
I want to undo my last directory change,cd -,Returns to the previous directory.
Can you show me how to navigate back to the prior directory?,cd -,Returns to the previous directory.
How do I return to the directory before this one?,cd -,Returns to the previous directory.
"Back to the previous location, please",cd -,Returns to the previous directory.
"How do I list files sorted by modification time, newest first?",ls -t,"Lists files sorted by modification time, newest first."
"What's the command to display files, ordered by their last updated timestamp, with the most recent at the top?",ls -t,"Lists files sorted by modification time, newest first."
"I want to see a list of files, showing the latest changes first. What's the command for that?",ls -t,"Lists files sorted by modification time, newest first."
"Could you show me the files in this directory, sorted by when they were last modified, from newest to oldest?",ls -t,"Lists files sorted by modification time, newest first."
"How can I get a chronological list of files, where the most recently edited ones appear first?",ls -t,"Lists files sorted by modification time, newest first."
"What command will list files and order them by modification date, showing the newest entries first?",ls -t,"Lists files sorted by modification time, newest first."
"I need to view files, with the newest files by timestamp at the beginning of the list. How do I do that?",ls -t,"Lists files sorted by modification time, newest first."
"Display files sorted by their modification time, with the newest ones at the top",ls -t,"Lists files sorted by modification time, newest first."
"Give me a list of files, ordered by recency of modification, so the newest are shown first",ls -t,"Lists files sorted by modification time, newest first."
Is there a way to list files where the ones modified most recently are shown first?,ls -t,"Lists files sorted by modification time, newest first."
How do I get a directory listing that shows the most recent files by modification time first?,ls -t,"Lists files sorted by modification time, newest first."
"Show me the files, sorted by the time they were last changed, with the newest files appearing first",ls -t,"Lists files sorted by modification time, newest first."
Show me the absolute physical path of my current working directory,pwd -P,"Prints the physical current directory, resolving symlinks."
What's the command to display my current location without showing any symlink components?,pwd -P,"Prints the physical current directory, resolving symlinks."
I need to print the resolved path of where I am right now,pwd -P,"Prints the physical current directory, resolving symlinks."
"How do I get my current directory's true location, ignoring any symbolic links?",pwd -P,"Prints the physical current directory, resolving symlinks."
"Can you tell me the command to output the actual directory I'm in, not the logical one?",pwd -P,"Prints the physical current directory, resolving symlinks."
"Execute `pwd -P` for me, please",pwd -P,"Prints the physical current directory, resolving symlinks."
"I'm trying to find the real directory path, bypassing any shortcuts. How do I do that?",pwd -P,"Prints the physical current directory, resolving symlinks."
What's the best way to determine the current physical working directory?,pwd -P,"Prints the physical current directory, resolving symlinks."
"Display my present directory, making sure to follow all symlinks to their destination",pwd -P,"Prints the physical current directory, resolving symlinks."
Could you provide the command to get the canonical path of my current location?,pwd -P,"Prints the physical current directory, resolving symlinks."
I need to know the absolute path of my directory without any symbolic links in the output,pwd -P,"Prints the physical current directory, resolving symlinks."
"Print the effective directory I'm currently in, resolving all symbolic links",pwd -P,"Prints the physical current directory, resolving symlinks."
"How do I copy file.txt to /backup, preserving its permissions and timestamps?",cp -p file.txt /backup,"Copies file.txt to /backup, preserving timestamps and permissions."
"What's the command to transfer file.txt to /backup, retaining its original attributes?",cp -p file.txt /backup,"Copies file.txt to /backup, preserving timestamps and permissions."
"I need to create an exact duplicate of file.txt in /backup, keeping all its metadata. How do I do that?",cp -p file.txt /backup,"Copies file.txt to /backup, preserving timestamps and permissions."
Can you give me the command to copy file.txt into /backup and maintain its modification times and permissions?,cp -p file.txt /backup,"Copies file.txt to /backup, preserving timestamps and permissions."
What's the Linux command to replicate file.txt to /backup with its original mode and timestamps?,cp -p file.txt /backup,"Copies file.txt to /backup, preserving timestamps and permissions."
How can I copy file.txt to /backup and ensure the new file has the same timestamps and permissions?,cp -p file.txt /backup,"Copies file.txt to /backup, preserving timestamps and permissions."
"Please tell me the command to copy file.txt to /backup, making sure all original properties are carried over",cp -p file.txt /backup,"Copies file.txt to /backup, preserving timestamps and permissions."
"I want to make a copy of file.txt in /backup that's identical in terms of permissions, ownership, and timestamps",cp -p file.txt /backup,"Copies file.txt to /backup, preserving timestamps and permissions."
"Which command should I use to back up file.txt to /backup, maintaining its existing access and modification times?",cp -p file.txt /backup,"Copies file.txt to /backup, preserving timestamps and permissions."
I need file.txt to be copied to /backup with its original filesystem attributes. What's the command?,cp -p file.txt /backup,"Copies file.txt to /backup, preserving timestamps and permissions."
"How do I perform a complete copy of file.txt to /backup, including its permissions, timestamps, and ownership?",cp -p file.txt /backup,"Copies file.txt to /backup, preserving timestamps and permissions."
What's the best way to copy file.txt to /backup while preserving its full file mode and timestamps?,cp -p file.txt /backup,"Copies file.txt to /backup, preserving timestamps and permissions."
"Move `file.txt` to `/tmp`, asking me to confirm any overwrites",mv -i file.txt /tmp,Moves file.txt to /tmp with interactive prompt for overwrite.
"I need to move `file.txt` to `/tmp`, but please prompt me before overwriting an existing file",mv -i file.txt /tmp,Moves file.txt to /tmp with interactive prompt for overwrite.
"Relocate `file.txt` to `/tmp`, interactively, so I'm warned about existing files",mv -i file.txt /tmp,Moves file.txt to /tmp with interactive prompt for overwrite.
How can I transfer `file.txt` into `/tmp` and be prompted if it already exists?,mv -i file.txt /tmp,Moves file.txt to /tmp with interactive prompt for overwrite.
"Shift `file.txt` to `/tmp`, ensuring it asks me before replacing anything",mv -i file.txt /tmp,Moves file.txt to /tmp with interactive prompt for overwrite.
Could you move `file.txt` to `/tmp` and make sure it doesn't overwrite without confirmation?,mv -i file.txt /tmp,Moves file.txt to /tmp with interactive prompt for overwrite.
"I want to put `file.txt` in `/tmp`, but I need it to prompt me if a file with that name is already there",mv -i file.txt /tmp,Moves file.txt to /tmp with interactive prompt for overwrite.
Perform an interactive move of `file.txt` to `/tmp`,mv -i file.txt /tmp,Moves file.txt to /tmp with interactive prompt for overwrite.
"Move `file.txt` to `/tmp`, and confirm with me if an overwrite would occur",mv -i file.txt /tmp,Moves file.txt to /tmp with interactive prompt for overwrite.
"Send `file.txt` to `/tmp`, but check with me before replacing any files",mv -i file.txt /tmp,Moves file.txt to /tmp with interactive prompt for overwrite.
I'd like to move `file.txt` to `/tmp` with overwrite protection,mv -i file.txt /tmp,Moves file.txt to /tmp with interactive prompt for overwrite.
Place `file.txt` in `/tmp` and ask for my permission if it's going to overwrite an existing file,mv -i file.txt /tmp,Moves file.txt to /tmp with interactive prompt for overwrite.
Delete `dir1` recursively,rm -r dir1,Recursively deletes dir1 and its contents.
How do I remove `dir1` and all its contents?,rm -r dir1,Recursively deletes dir1 and its contents.
Erase the `dir1` directory completely,rm -r dir1,Recursively deletes dir1 and its contents.
I need to get rid of `dir1` and everything inside it,rm -r dir1,Recursively deletes dir1 and its contents.
Recursively remove the directory `dir1`,rm -r dir1,Recursively deletes dir1 and its contents.
Wipe `dir1` and its subdirectories,rm -r dir1,Recursively deletes dir1 and its contents.
How can I forcefully delete `dir1`?,rm -r dir1,Recursively deletes dir1 and its contents.
I want to permanently delete `dir1` and everything under it,rm -r dir1,Recursively deletes dir1 and its contents.
Remove `dir1` along with all files and folders it contains,rm -r dir1,Recursively deletes dir1 and its contents.
Can I delete `dir1` and all of its nested files?,rm -r dir1,Recursively deletes dir1 and its contents.
Get rid of the `dir1` folder and everything within it,rm -r dir1,Recursively deletes dir1 and its contents.
How do I clear out `dir1` completely?,rm -r dir1,Recursively deletes dir1 and its contents.
"How do I set the modification timestamp of `file.txt` to May 21, 2025, at 12:00 PM?",touch -t 202505211200 file.txt,"Sets file.txt's timestamp to May 21, 2025, 12:00."
What's the `touch` command to make `file.txt`'s date 2025-05-21 and time 12:00?,touch -t 202505211200 file.txt,"Sets file.txt's timestamp to May 21, 2025, 12:00."
"I need to change the date and time of `file.txt` to May 21st, 2025, at noon. How do I do it?",touch -t 202505211200 file.txt,"Sets file.txt's timestamp to May 21, 2025, 12:00."
"Set `file.txt`'s last modified time to May 21, 2025, 12:",touch -t 202505211200 file.txt,"Sets file.txt's timestamp to May 21, 2025, 12:00."
What command can I use to update `file.txt`'s timestamp to '2025-05-21 12:00'?,touch -t 202505211200 file.txt,"Sets file.txt's timestamp to May 21, 2025, 12:00."
"How do I make `file.txt` appear as if it was last modified on May 21st, 2025, at 12 PM?",touch -t 202505211200 file.txt,"Sets file.txt's timestamp to May 21, 2025, 12:00."
Can you provide the `touch` command to set `file.txt`'s date and time to 2025-05-21 12:00?,touch -t 202505211200 file.txt,"Sets file.txt's timestamp to May 21, 2025, 12:00."
"I want to explicitly assign the timestamp May 21, 2025, 12:00 to `file.txt`. What's the command?",touch -t 202505211200 file.txt,"Sets file.txt's timestamp to May 21, 2025, 12:00."
"Tell me how to adjust `file.txt`'s modification date to May 21, 2025, 12:",touch -t 202505211200 file.txt,"Sets file.txt's timestamp to May 21, 2025, 12:00."
"How can I force `file.txt`'s timestamp to be May 21st, 2025, 12:00?",touch -t 202505211200 file.txt,"Sets file.txt's timestamp to May 21, 2025, 12:00."
"I need to get `file.txt` to show a modified date of 2025-05-21, 12 PM. Command, please",touch -t 202505211200 file.txt,"Sets file.txt's timestamp to May 21, 2025, 12:00."
"Use `touch` to set `file.txt`'s access and modification times to May 21, 2025, 12:",touch -t 202505211200 file.txt,"Sets file.txt's timestamp to May 21, 2025, 12:00."
Please create a directory named `newdir`,mkdir newdir,Creates a directory named newdir.
Can you make a new folder called `newdir`?,mkdir newdir,Creates a directory named newdir.
I need a directory named `newdir`,mkdir newdir,Creates a directory named newdir.
Let's set up a directory called `newdir`,mkdir newdir,Creates a directory named newdir.
Make a directory with the name `newdir`,mkdir newdir,Creates a directory named newdir.
Could you create `newdir` for me?,mkdir newdir,Creates a directory named newdir.
I'd like to make a directory named `newdir`,mkdir newdir,Creates a directory named newdir.
Establish a new directory named `newdir`,mkdir newdir,Creates a directory named newdir.
Please generate a directory called `newdir`,mkdir newdir,Creates a directory named newdir.
Create the folder `newdir`,mkdir newdir,Creates a directory named newdir.
Could you please create a `newdir` directory?,mkdir newdir,Creates a directory named newdir.
I need to create a `newdir` folder,mkdir newdir,Creates a directory named newdir.
How can I use `less` to continuously monitor `logfile.txt` for new entries?,less +F logfile.txt,"Monitors logfile.txt in less, similar to tail -f."
"What's the `less` command to follow `logfile.txt` for live updates, similar to `tail -f`?",less +F logfile.txt,"Monitors logfile.txt in less, similar to tail -f."
I need to watch `logfile.txt` in `less` and have it automatically refresh as new lines are added,less +F logfile.txt,"Monitors logfile.txt in less, similar to tail -f."
How do I get `less` to behave like `tail -f` on `logfile.txt`?,less +F logfile.txt,"Monitors logfile.txt in less, similar to tail -f."
Could you tell me the command to view `logfile.txt` with `less` and see changes in real-time?,less +F logfile.txt,"Monitors logfile.txt in less, similar to tail -f."
What's the best way to keep `logfile.txt` open in `less` and have it scroll to show new data?,less +F logfile.txt,"Monitors logfile.txt in less, similar to tail -f."
Give me the `less` command that automatically displays appended content in `logfile.txt`,less +F logfile.txt,"Monitors logfile.txt in less, similar to tail -f."
I want to use `less` to track `logfile.txt` for new log events. How do I do that?,less +F logfile.txt,"Monitors logfile.txt in less, similar to tail -f."
Show me the command to run `less` on `logfile.txt` in a mode that always displays the latest additions,less +F logfile.txt,"Monitors logfile.txt in less, similar to tail -f."
How can I set up `less` to continuously update its view of `logfile.txt` as it grows?,less +F logfile.txt,"Monitors logfile.txt in less, similar to tail -f."
What's the `less` equivalent for monitoring `logfile.txt` dynamically?,less +F logfile.txt,"Monitors logfile.txt in less, similar to tail -f."
I'd like to view `logfile.txt` in `less` and have it automatically jump to the end for new content,less +F logfile.txt,"Monitors logfile.txt in less, similar to tail -f."
How do I display the first 100 bytes of `file.txt`?,head -c 100 file.txt,Displays the first 100 bytes of file.txt.
I need to see the initial 100 bytes of `file.txt`. What's the command?,head -c 100 file.txt,Displays the first 100 bytes of file.txt.
Show me only the first 100 bytes from the start of `file.txt`,head -c 100 file.txt,Displays the first 100 bytes of file.txt.
What command will extract the first 100 bytes of `file.txt`?,head -c 100 file.txt,Displays the first 100 bytes of file.txt.
"Could you tell me how to view the beginning of `file.txt`, specifically limiting it to 100 bytes?",head -c 100 file.txt,Displays the first 100 bytes of file.txt.
Just give me the top 100 bytes of `file.txt`,head -c 100 file.txt,Displays the first 100 bytes of file.txt.
I'm trying to get a 100-byte preview of `file.txt`. How do I do that?,head -c 100 file.txt,Displays the first 100 bytes of file.txt.
What's the Linux command to get the first 100 bytes of `file.txt`?,head -c 100 file.txt,Displays the first 100 bytes of file.txt.
Please provide the command to output the leading 100 bytes of `file.txt`,head -c 100 file.txt,Displays the first 100 bytes of file.txt.
"I need to see the very beginning of `file.txt`, capped at 100 bytes",head -c 100 file.txt,Displays the first 100 bytes of file.txt.
How can I read just the first 100 bytes of `file.txt`?,head -c 100 file.txt,Displays the first 100 bytes of file.txt.
"Display the first hundred bytes of `file.txt`, please",head -c 100 file.txt,Displays the first 100 bytes of file.txt.
How do I see the last 5 lines of `access.log`?,tail -n 5 access.log,Displays the last 5 lines of access.log.
Show me the final five lines of `access.log`,tail -n 5 access.log,Displays the last 5 lines of access.log.
"What's the command to display the end of `access.log`, specifically the last 5 lines?",tail -n 5 access.log,Displays the last 5 lines of access.log.
I need to view the most recent 5 entries in `access.log`,tail -n 5 access.log,Displays the last 5 lines of access.log.
Can you get me the bottom 5 lines from `access.log`?,tail -n 5 access.log,Displays the last 5 lines of access.log.
How do I use `tail` to get the last 5 lines of `access.log`?,tail -n 5 access.log,Displays the last 5 lines of access.log.
Give me the last five lines of the `access.log` file,tail -n 5 access.log,Displays the last 5 lines of access.log.
What's the syntax for showing the last 5 lines of `access.log`?,tail -n 5 access.log,Displays the last 5 lines of access.log.
I want to check the last 5 lines of `access.log`,tail -n 5 access.log,Displays the last 5 lines of access.log.
Display only the very last 5 lines of `access.log`,tail -n 5 access.log,Displays the last 5 lines of access.log.
"From `access.log`, how do I extract just the final 5 lines?",tail -n 5 access.log,Displays the last 5 lines of access.log.
Tell me the command to view the last 5 lines of `access.log`,tail -n 5 access.log,Displays the last 5 lines of access.log.
How do I check my system's machine architecture?,uname -m,Displays the machine hardware architecture.
What's the command to display the hardware architecture?,uname -m,Displays the machine hardware architecture.
Could you please run `uname -m`?,uname -m,Displays the machine hardware architecture.
I need to find out my machine's architecture,uname -m,Displays the machine hardware architecture.
Show me the CPU architecture,uname -m,Displays the machine hardware architecture.
How can I determine the system's hardware type?,uname -m,Displays the machine hardware architecture.
Please run the command to show the machine architecture,uname -m,Displays the machine hardware architecture.
What's the output of `uname -m`?,uname -m,Displays the machine hardware architecture.
Display the machine's architecture,uname -m,Displays the machine hardware architecture.
Can you tell me this system's hardware architecture?,uname -m,Displays the machine hardware architecture.
I need to know the machine type,uname -m,Displays the machine hardware architecture.
Give me the machine's hardware architecture information,uname -m,Displays the machine hardware architecture.
Run `top` just once,top -n 1,Runs top for one iteration and exits.
Show me the `top` output and then quit,top -n 1,Runs top for one iteration and exits.
Execute `top` for a single iteration,top -n 1,Runs top for one iteration and exits.
Could you run `top -n 1` for me?,top -n 1,Runs top for one iteration and exits.
I need a quick snapshot from `top`,top -n 1,Runs top for one iteration and exits.
Perform one cycle of `top`,top -n 1,Runs top for one iteration and exits.
Run `top` and exit after the first update,top -n 1,Runs top for one iteration and exits.
"Just show me the `top` processes, then stop",top -n 1,Runs top for one iteration and exits.
What does `top` display if it runs only once?,top -n 1,Runs top for one iteration and exits.
Please run `top` with the `-n 1` argument,top -n 1,Runs top for one iteration and exits.
"I want to see the `top` command output, but not continuously",top -n 1,Runs top for one iteration and exits.
Give me the output of `top` for one refresh,top -n 1,Runs top for one iteration and exits.
How can I see my disk usage along with the filesystem types?,df -T,Shows disk usage with filesystem types.
What's the command to show disk space and its filesystem format?,df -T,Shows disk usage with filesystem types.
"I need to check disk utilization, and I'd like to know the filesystem types",df -T,Shows disk usage with filesystem types.
"Display the disk free space, including what kind of filesystem each partition uses",df -T,Shows disk usage with filesystem types.
Could you run `df -T` for me?,df -T,Shows disk usage with filesystem types.
"Show me the disk usage, and specify the filesystem type for each entry",df -T,Shows disk usage with filesystem types.
I'm trying to get a report of disk space and the types of filesystems,df -T,Shows disk usage with filesystem types.
What command gives me a list of disk usage with their respective filesystem types?,df -T,Shows disk usage with filesystem types.
"Please provide the disk usage information, showing the filesystem categories",df -T,Shows disk usage with filesystem types.
Can you tell me how much disk space is left and what filesystem is on each drive?,df -T,Shows disk usage with filesystem types.
"I want to view the disk usage breakdown, including the filesystem types",df -T,Shows disk usage with filesystem types.
"Just give me the disk usage details, plus the filesystem type",df -T,Shows disk usage with filesystem types.
Run `free -t`,free -t,"Displays total memory usage, including swap."
Show me the total memory usage,free -t,"Displays total memory usage, including swap."
"Display all memory details, including swap",free -t,"Displays total memory usage, including swap."
What's the system's current memory status?,free -t,"Displays total memory usage, including swap."
"Execute the `free -t` command, please",free -t,"Displays total memory usage, including swap."
I need a breakdown of RAM and swap usage,free -t,"Displays total memory usage, including swap."
"Check the total memory consumption, including swap",free -t,"Displays total memory usage, including swap."
Provide a comprehensive memory report,free -t,"Displays total memory usage, including swap."
Can you give me the full memory summary?,free -t,"Displays total memory usage, including swap."
"How much memory, including swap, is being utilized?",free -t,"Displays total memory usage, including swap."
Let me see the memory and swap statistics,free -t,"Displays total memory usage, including swap."
Generate a report on total system memory,free -t,"Displays total memory usage, including swap."
How do I run the command `chmod 644 file.txt`?,chmod 644 file.txt,"Sets file.txt to read/write for owner, read-only for others."
What's the command to set `file.txt` permissions to `644`?,chmod 644 file.txt,"Sets file.txt to read/write for owner, read-only for others."
I need to make `file.txt` read/write for me and read-only for others. How can I do that?,chmod 644 file.txt,"Sets file.txt to read/write for owner, read-only for others."
Can you help me apply `644` permissions to `file.txt`?,chmod 644 file.txt,"Sets file.txt to read/write for owner, read-only for others."
What's the Linux command to give `file.txt` `rw-r--r--` permissions?,chmod 644 file.txt,"Sets file.txt to read/write for owner, read-only for others."
I want to update the permissions for `file.txt` to `644`. What's the best way?,chmod 644 file.txt,"Sets file.txt to read/write for owner, read-only for others."
"How do I set `file.txt` so only the owner can write to it, and others can only read?",chmod 644 file.txt,"Sets file.txt to read/write for owner, read-only for others."
Please provide the command for setting `file.txt` permissions to `644`,chmod 644 file.txt,"Sets file.txt to read/write for owner, read-only for others."
Could you tell me how to use `chmod` to set `file.txt` to `644`?,chmod 644 file.txt,"Sets file.txt to read/write for owner, read-only for others."
I need to make `file.txt` readable by everyone but only writable by the owner. Which command should I use?,chmod 644 file.txt,"Sets file.txt to read/write for owner, read-only for others."
What's the correct syntax to set `file.txt` permissions to `644`?,chmod 644 file.txt,"Sets file.txt to read/write for owner, read-only for others."
Give `file.txt` `644` permissions,chmod 644 file.txt,"Sets file.txt to read/write for owner, read-only for others."
"How do I change the owner of *only* the symbolic link 'symlink' to 'user', without modifying its target?",chown -h user symlink,Changes ownership of symlink to user without affecting the target.
What's the `chown` command to make the symlink 'symlink' itself owned by 'user'?,chown -h user symlink,Changes ownership of symlink to user without affecting the target.
"I need to assign ownership of the symbolic link 'symlink' to 'user', but I want to avoid affecting the file it points to",chown -h user symlink,Changes ownership of symlink to user without affecting the target.
"Can you give me the command to change the owner of the symlink 'symlink' to 'user', without following the link?",chown -h user symlink,Changes ownership of symlink to user without affecting the target.
How do I update the ownership of the symbolic link file 'symlink' to 'user' directly?,chown -h user symlink,Changes ownership of symlink to user without affecting the target.
"I want to set 'user' as the owner for the symlink 'symlink', but specifically for the link itself",chown -h user symlink,Changes ownership of symlink to user without affecting the target.
"Generate the command to change the owner of 'symlink' to 'user', ensuring it operates on the symlink and not its destination",chown -h user symlink,Changes ownership of symlink to user without affecting the target.
What's the correct way to `chown` 'symlink' to 'user' such that only the symbolic link's ownership is altered?,chown -h user symlink,Changes ownership of symlink to user without affecting the target.
"I need to make 'symlink' owned by 'user', but the actual target file should retain its current owner",chown -h user symlink,Changes ownership of symlink to user without affecting the target.
How can I modify the ownership of the symbolic link 'symlink' to 'user' without dereferencing it?,chown -h user symlink,Changes ownership of symlink to user without affecting the target.
Could you provide the command to change the owner of the *link file* 'symlink' to 'user'?,chown -h user symlink,Changes ownership of symlink to user without affecting the target.
"I want to explicitly assign ownership of 'symlink' to 'user', focusing on the link itself rather than what it points to",chown -h user symlink,Changes ownership of symlink to user without affecting the target.
How do I run `apt autoremove`?,apt autoremove,Removes unused dependencies on Debian-based systems.
What's the command to clean up unused dependencies?,apt autoremove,Removes unused dependencies on Debian-based systems.
I need to remove orphaned packages on my system,apt autoremove,Removes unused dependencies on Debian-based systems.
"Can you tell me how to free up disk space by getting rid of old, unneeded packages?",apt autoremove,Removes unused dependencies on Debian-based systems.
How do I get rid of automatically installed packages that are no longer required?,apt autoremove,Removes unused dependencies on Debian-based systems.
My Debian system feels cluttered; what's the best way to clean out old dependencies?,apt autoremove,Removes unused dependencies on Debian-based systems.
Could you give me the command to tidy up my Ubuntu machine by removing no-longer-needed dependencies?,apt autoremove,Removes unused dependencies on Debian-based systems.
I want to prune my system of unnecessary packages that were installed as dependencies,apt autoremove,Removes unused dependencies on Debian-based systems.
Is there a command to remove dependencies that are no longer used by any installed package?,apt autoremove,Removes unused dependencies on Debian-based systems.
What should I type to perform a system cleanup and remove packages that aren't explicitly needed anymore?,apt autoremove,Removes unused dependencies on Debian-based systems.
Help me clean up my system; I suspect there are a lot of leftover packages,apt autoremove,Removes unused dependencies on Debian-based systems.
How do I initiate the process to remove unneeded dependencies on my Linux box?,apt autoremove,Removes unused dependencies on Debian-based systems.
Run `apt purge nginx`,apt purge nginx,Removes nginx and its configuration files on Debian-based systems.
Please run `apt purge nginx`,apt purge nginx,Removes nginx and its configuration files on Debian-based systems.
I need to completely remove nginx and its configuration files,apt purge nginx,Removes nginx and its configuration files on Debian-based systems.
"Uninstall nginx thoroughly, including all its config",apt purge nginx,Removes nginx and its configuration files on Debian-based systems.
Purge the `nginx` package,apt purge nginx,Removes nginx and its configuration files on Debian-based systems.
"Get rid of nginx from my system, I want everything gone",apt purge nginx,Removes nginx and its configuration files on Debian-based systems.
How do I purge nginx?,apt purge nginx,Removes nginx and its configuration files on Debian-based systems.
Can you run the command to purge nginx for me?,apt purge nginx,Removes nginx and its configuration files on Debian-based systems.
I'd like to remove nginx and all its associated files,apt purge nginx,Removes nginx and its configuration files on Debian-based systems.
Remove nginx completely,apt purge nginx,Removes nginx and its configuration files on Debian-based systems.
Delete the nginx package and its configurations,apt purge nginx,Removes nginx and its configuration files on Debian-based systems.
Execute the necessary command to uninstall nginx and its settings,apt purge nginx,Removes nginx and its configuration files on Debian-based systems.
Uninstall the Apache web server,yum remove httpd,Uninstalls the Apache web server on CentOS/RHEL systems.
Remove the `httpd` package,yum remove httpd,Uninstalls the Apache web server on CentOS/RHEL systems.
How do I get rid of Apache?,yum remove httpd,Uninstalls the Apache web server on CentOS/RHEL systems.
Can you run `yum remove httpd`?,yum remove httpd,Uninstalls the Apache web server on CentOS/RHEL systems.
I need to uninstall `httpd`,yum remove httpd,Uninstalls the Apache web server on CentOS/RHEL systems.
Please remove Apache from my system,yum remove httpd,Uninstalls the Apache web server on CentOS/RHEL systems.
What's the command to delete the web server?,yum remove httpd,Uninstalls the Apache web server on CentOS/RHEL systems.
Take off the `httpd` daemon,yum remove httpd,Uninstalls the Apache web server on CentOS/RHEL systems.
Could you help me uninstall the Apache package?,yum remove httpd,Uninstalls the Apache web server on CentOS/RHEL systems.
I want to completely remove httpd,yum remove httpd,Uninstalls the Apache web server on CentOS/RHEL systems.
Perform a `yum remove httpd`,yum remove httpd,Uninstalls the Apache web server on CentOS/RHEL systems.
Get rid of the Apache service,yum remove httpd,Uninstalls the Apache web server on CentOS/RHEL systems.
How do I upgrade my system packages?,dnf upgrade,Upgrades all packages to the latest versions on Fedora-based systems.
What's the command to update all software on Fedora?,dnf upgrade,Upgrades all packages to the latest versions on Fedora-based systems.
"I need to bring my Fedora system up to date, what's the command?",dnf upgrade,Upgrades all packages to the latest versions on Fedora-based systems.
How can I get the latest versions of all installed packages?,dnf upgrade,Upgrades all packages to the latest versions on Fedora-based systems.
"My packages are outdated, how do I upgrade them?",dnf upgrade,Upgrades all packages to the latest versions on Fedora-based systems.
What command should I use to update my Fedora?,dnf upgrade,Upgrades all packages to the latest versions on Fedora-based systems.
Could you tell me how to refresh my system's software?,dnf upgrade,Upgrades all packages to the latest versions on Fedora-based systems.
I want to install all available package updates,dnf upgrade,Upgrades all packages to the latest versions on Fedora-based systems.
How do I perform a full system upgrade on Fedora?,dnf upgrade,Upgrades all packages to the latest versions on Fedora-based systems.
What's the command to update everything on my Fedora machine?,dnf upgrade,Upgrades all packages to the latest versions on Fedora-based systems.
How can I ensure all my installed applications are current?,dnf upgrade,Upgrades all packages to the latest versions on Fedora-based systems.
"Time to update my system, what's the command for a full upgrade?",dnf upgrade,Upgrades all packages to the latest versions on Fedora-based systems.
Run `netstat -i`,netstat -i,Displays network interface statistics.
Please run `netstat -i`,netstat -i,Displays network interface statistics.
Could you execute `netstat -i`?,netstat -i,Displays network interface statistics.
How do I run `netstat -i`?,netstat -i,Displays network interface statistics.
I need to run `netstat -i`,netstat -i,Displays network interface statistics.
Show me the output of `netstat -i`,netstat -i,Displays network interface statistics.
Execute the command `netstat -i`,netstat -i,Displays network interface statistics.
I want to display network interface statistics with `netstat -i`,netstat -i,Displays network interface statistics.
Can you display the `netstat -i` results?,netstat -i,Displays network interface statistics.
Let's try running `netstat -i`,netstat -i,Displays network interface statistics.
Perform `netstat -i`,netstat -i,Displays network interface statistics.
Kick off `netstat -i`,netstat -i,Displays network interface statistics.
Run `who`,who,Lists currently logged-in users.
Please run the `who` command,who,Lists currently logged-in users.
Who's logged in right now?,who,Lists currently logged-in users.
Show me the current users,who,Lists currently logged-in users.
List the active sessions,who,Lists currently logged-in users.
Execute `who`,who,Lists currently logged-in users.
Can you run `who`?,who,Lists currently logged-in users.
Display who is logged into the system,who,Lists currently logged-in users.
I need to see who's online,who,Lists currently logged-in users.
What users are currently active?,who,Lists currently logged-in users.
Run the command `who`,who,Lists currently logged-in users.
Check who's logged in,who,Lists currently logged-in users.
Run `passwd newuser`,passwd newuser,Changes the password for newuser.
Please execute `passwd newuser`,passwd newuser,Changes the password for newuser.
I need to change the password for `newuser`,passwd newuser,Changes the password for newuser.
Could you run the `passwd newuser` command?,passwd newuser,Changes the password for newuser.
Set `newuser`'s password,passwd newuser,Changes the password for newuser.
Initiate `passwd newuser`,passwd newuser,Changes the password for newuser.
Let's get `passwd newuser` started,passwd newuser,Changes the password for newuser.
Perform the action `passwd newuser`,passwd newuser,Changes the password for newuser.
I want to run `passwd newuser`,passwd newuser,Changes the password for newuser.
Trigger `passwd newuser`,passwd newuser,Changes the password for newuser.
Execute the command to change `newuser`'s password,passwd newuser,Changes the password for newuser.
Launch `passwd newuser`,passwd newuser,Changes the password for newuser.
How do I delete the user 'testuser' and their home directory?,userdel -r testuser,Deletes testuser and their home directory.
I need to completely remove the 'testuser' account from the system,userdel -r testuser,Deletes testuser and their home directory.
What command do I use to get rid of 'testuser' along with their files?,userdel -r testuser,Deletes testuser and their home directory.
Can you help me purge 'testuser' and their data from the system?,userdel -r testuser,Deletes testuser and their home directory.
I want to remove 'testuser' and ensure their home directory is also gone,userdel -r testuser,Deletes testuser and their home directory.
How do I permanently delete 'testuser' and all their associated content?,userdel -r testuser,Deletes testuser and their home directory.
"Please show me how to clean up the 'testuser' account, including their user folder",userdel -r testuser,Deletes testuser and their home directory.
What's the best way to remove 'testuser' and wipe their home directory?,userdel -r testuser,Deletes testuser and their home directory.
I need to totally remove 'testuser' and everything under their home directory,userdel -r testuser,Deletes testuser and their home directory.
Can you tell me the command to delete 'testuser' and all their personal files?,userdel -r testuser,Deletes testuser and their home directory.
I want to fully expunge 'testuser' and their entire profile from the server,userdel -r testuser,Deletes testuser and their home directory.
How can I remove 'testuser' and recursively delete their home directory?,userdel -r testuser,Deletes testuser and their home directory.
Run `ps -C nginx`,ps -C nginx,Lists processes with the command name nginx.
Please execute `ps -C nginx`,ps -C nginx,Lists processes with the command name nginx.
Could you run `ps -C nginx` for me?,ps -C nginx,Lists processes with the command name nginx.
I need to run `ps -C nginx`,ps -C nginx,Lists processes with the command name nginx.
Show me the output of `ps -C nginx`,ps -C nginx,Lists processes with the command name nginx.
Perform the command `ps -C nginx`,ps -C nginx,Lists processes with the command name nginx.
Let's run `ps -C nginx`,ps -C nginx,Lists processes with the command name nginx.
Execute `ps -C nginx`,ps -C nginx,Lists processes with the command name nginx.
Would you mind running `ps -C nginx`?,ps -C nginx,Lists processes with the command name nginx.
Go ahead and run `ps -C nginx`,ps -C nginx,Lists processes with the command name nginx.
Could you please get me the results of `ps -C nginx`?,ps -C nginx,Lists processes with the command name nginx.
I'd like to run `ps -C nginx`,ps -C nginx,Lists processes with the command name nginx.
Stop all nginx processes,killall nginx,Terminates all nginx processes.
Terminate every running nginx instance,killall nginx,Terminates all nginx processes.
Kill all nginx daemons,killall nginx,Terminates all nginx processes.
How do I shut down all nginx services?,killall nginx,Terminates all nginx processes.
I need to force stop all nginx processes,killall nginx,Terminates all nginx processes.
Please ensure no nginx processes are active,killall nginx,Terminates all nginx processes.
End all nginx tasks,killall nginx,Terminates all nginx processes.
Get rid of all nginx processes,killall nginx,Terminates all nginx processes.
Completely stop all nginx processes,killall nginx,Terminates all nginx processes.
I want to kill every single nginx process,killall nginx,Terminates all nginx processes.
Perform a total shutdown of nginx processes,killall nginx,Terminates all nginx processes.
Clean up any lingering nginx processes,killall nginx,Terminates all nginx processes.
Run htop with a 0.5-second refresh interval,htop -d 5,Runs htop with a 0.5-second refresh interval.
How do I launch htop so it updates every half second?,htop -d 5,Runs htop with a 0.5-second refresh interval.
"Could you please start htop, refreshing every 500 milliseconds?",htop -d 5,Runs htop with a 0.5-second refresh interval.
"I want to use htop to monitor processes, with a 0.5-second update frequency",htop -d 5,Runs htop with a 0.5-second refresh interval.
Execute htop and set the update delay to half a second,htop -d 5,Runs htop with a 0.5-second refresh interval.
"Fire up htop, making sure it refreshes every 0.5s",htop -d 5,Runs htop with a 0.5-second refresh interval.
Display htop with an update rate of 500ms,htop -d 5,Runs htop with a 0.5-second refresh interval.
"Open htop, updating every 0.5 seconds",htop -d 5,Runs htop with a 0.5-second refresh interval.
"Launch the htop process monitor, refreshing every half second",htop -d 5,Runs htop with a 0.5-second refresh interval.
"Get htop running, but only have it refresh every 0.5 seconds",htop -d 5,Runs htop with a 0.5-second refresh interval.
Show me htop with a 0.5-second refresh cycle,htop -d 5,Runs htop with a 0.5-second refresh interval.
"Start htop, ensuring a 500ms refresh interval",htop -d 5,Runs htop with a 0.5-second refresh interval.
Open file.txt in Vim in read-only mode,vim -R file.txt,Opens file.txt in Vim in read-only mode.
How do I open file.txt with Vim for viewing only?,vim -R file.txt,Opens file.txt in Vim in read-only mode.
Launch Vim to view file.txt without making changes,vim -R file.txt,Opens file.txt in Vim in read-only mode.
"I need to open file.txt in Vim, but prevent accidental saves",vim -R file.txt,Opens file.txt in Vim in read-only mode.
Please open file.txt using Vim in read-only mode,vim -R file.txt,Opens file.txt in Vim in read-only mode.
"Start the Vim editor with file.txt loaded, but in a non-editable state",vim -R file.txt,Opens file.txt in Vim in read-only mode.
"View file.txt using Vim, read-only",vim -R file.txt,Opens file.txt in Vim in read-only mode.
"Can you open 'file.txt' for me in Vim, ensuring it's read-only?",vim -R file.txt,Opens file.txt in Vim in read-only mode.
"Fire up Vim with file.txt, but in a safe, no-save mode",vim -R file.txt,Opens file.txt in Vim in read-only mode.
"I want to access file.txt with Vim, but only for reading",vim -R file.txt,Opens file.txt in Vim in read-only mode.
"Open file.txt with Vi Improved, and make sure it's read-only",vim -R file.txt,Opens file.txt in Vim in read-only mode.
"Could you please open file.txt in Vim, disallowing any modifications?",vim -R file.txt,Opens file.txt in Vim in read-only mode.
"Could you open `config.conf` in Nano, making sure the cursor position is always visible?",nano -c config.conf,Opens config.conf in Nano with constant cursor position display.
How do I edit `config.conf` with Nano and keep the line and column numbers displayed?,nano -c config.conf,Opens config.conf in Nano with constant cursor position display.
"I need to open `config.conf` using Nano, and it's crucial that the cursor's coordinates are always shown",nano -c config.conf,Opens config.conf in Nano with constant cursor position display.
"I'm trying to modify `config.conf` with Nano, but I want to ensure the current cursor position is constantly visible. What's the command for that?",nano -c config.conf,Opens config.conf in Nano with constant cursor position display.
Launch Nano to edit `config.conf` with the constant cursor position feature enabled,nano -c config.conf,Opens config.conf in Nano with constant cursor position display.
What's the command to open `config.conf` in Nano and have the cursor position display remain on screen?,nano -c config.conf,Opens config.conf in Nano with constant cursor position display.
"Hey, could you help me start Nano on `config.conf`, and I need the constant cursor position setting active?",nano -c config.conf,Opens config.conf in Nano with constant cursor position display.
"I want to edit `config.conf` using Nano, and I need the cursor position to be continuously displayed",nano -c config.conf,Opens config.conf in Nano with constant cursor position display.
"To open `config.conf` in Nano and keep the cursor coordinates visible, do I use a specific flag?",nano -c config.conf,Opens config.conf in Nano with constant cursor position display.
"Open `config.conf` in Nano, showing the cursor position persistently",nano -c config.conf,Opens config.conf in Nano with constant cursor position display.
"I need to work on `config.conf`. Can you open it for me in Nano, with the constant cursor position option?",nano -c config.conf,Opens config.conf in Nano with constant cursor position display.
Initiate the Nano editor for `config.conf` with the persistent cursor display enabled,nano -c config.conf,Opens config.conf in Nano with constant cursor position display.
Change directory to /etc,cd /etc,Changes the current directory to /etc.
Go into the /etc directory,cd /etc,Changes the current directory to /etc.
Navigate to /etc,cd /etc,Changes the current directory to /etc.
Switch to /etc,cd /etc,Changes the current directory to /etc.
I need to be in /etc,cd /etc,Changes the current directory to /etc.
Take me to /etc,cd /etc,Changes the current directory to /etc.
Please make /etc my current directory,cd /etc,Changes the current directory to /etc.
Set the working directory to /etc,cd /etc,Changes the current directory to /etc.
Move into /etc,cd /etc,Changes the current directory to /etc.
Can you change my location to /etc?,cd /etc,Changes the current directory to /etc.
Let's head over to /etc,cd /etc,Changes the current directory to /etc.
Point my current shell to /etc,cd /etc,Changes the current directory to /etc.
How do I list files one per line?,ls -1,Lists files in a single column.
What's the command to display directory contents in a single column?,ls -1,Lists files in a single column.
"I need to list all files, each on its own line",ls -1,Lists files in a single column.
How can I make `ls` output file names vertically?,ls -1,Lists files in a single column.
"Show me the files, one entry per line",ls -1,Lists files in a single column.
Could you give me the command to list files line by line?,ls -1,Lists files in a single column.
"Display the files in the current directory, with each file name on its own row",ls -1,Lists files in a single column.
I want to see the contents of this folder in a single-column list,ls -1,Lists files in a single column.
Which `ls` option forces a single-column output?,ls -1,Lists files in a single column.
How do I list the files so they don't wrap into multiple columns?,ls -1,Lists files in a single column.
"List the files, but put each one on a new line",ls -1,Lists files in a single column.
"What's the best way to get a simple, single-column listing of files?",ls -1,Lists files in a single column.
"Copy `file.txt` to `/backup`, but only if the source file is newer than the destination or the destination doesn't exist",cp -u file.txt /backup,Copies file.txt to /backup only if newer or missing.
"Update `file.txt` in `/backup` with the local version, skipping the copy if the target is already current",cp -u file.txt /backup,Copies file.txt to /backup only if newer or missing.
"Transfer `file.txt` to `/backup`, but only if it's been modified since the last backup or if it's a new file",cp -u file.txt /backup,Copies file.txt to /backup only if newer or missing.
"I need to copy `file.txt` to `/backup`, only replacing the existing file if the source is more recent",cp -u file.txt /backup,Copies file.txt to /backup only if newer or missing.
"Synchronize `file.txt` to `/backup`, only writing if the source file is newer",cp -u file.txt /backup,Copies file.txt to /backup only if newer or missing.
"Make sure `/backup/file.txt` has the latest version, but don't re-copy if it's already identical or newer there",cp -u file.txt /backup,Copies file.txt to /backup only if newer or missing.
Perform an 'update-only' copy of `file.txt` to `/backup`,cp -u file.txt /backup,Copies file.txt to /backup only if newer or missing.
"Could you copy `file.txt` to `/backup`, only if the source timestamp is newer or the destination doesn't contain it?",cp -u file.txt /backup,Copies file.txt to /backup only if newer or missing.
What's the command to copy `file.txt` to `/backup` without overwriting if the destination file is newer or the same?,cp -u file.txt /backup,Copies file.txt to /backup only if newer or missing.
"Push `file.txt` to `/backup`, but ensure it only replaces an older file or adds a new one",cp -u file.txt /backup,Copies file.txt to /backup only if newer or missing.
"I want to copy `file.txt` to `/backup`, but only if the file in `/backup` is missing or older than `file.txt`",cp -u file.txt /backup,Copies file.txt to /backup only if newer or missing.
"Ensure `file.txt` is present and up-to-date in `/backup`, without wasting time copying an identical or older version",cp -u file.txt /backup,Copies file.txt to /backup only if newer or missing.
"Move `file.txt` into `/tmp`, but don't overwrite anything that's already there",mv -n file.txt /tmp,Moves file.txt to /tmp without overwriting existing files.
I need to shift `file.txt` to `/tmp` without replacing existing files,mv -n file.txt /tmp,Moves file.txt to /tmp without overwriting existing files.
"Transfer `file.txt` to the `/tmp` directory, making sure not to clobber any files",mv -n file.txt /tmp,Moves file.txt to /tmp without overwriting existing files.
"Put `file.txt` in `/tmp`, but if a file with the same name already exists, leave it alone",mv -n file.txt /tmp,Moves file.txt to /tmp without overwriting existing files.
"How do I move `file.txt` to `/tmp` safely, without accidentally deleting another file?",mv -n file.txt /tmp,Moves file.txt to /tmp without overwriting existing files.
"Could you tell me the command to relocate `file.txt` to `/tmp`, ensuring no overwrites?",mv -n file.txt /tmp,Moves file.txt to /tmp without overwriting existing files.
"I want to send `file.txt` to `/tmp`, but I absolutely don't want it to replace anything",mv -n file.txt /tmp,Moves file.txt to /tmp without overwriting existing files.
"Get `file.txt` to `/tmp`, please, but make sure it won't overwrite an existing file",mv -n file.txt /tmp,Moves file.txt to /tmp without overwriting existing files.
"Move `file.txt` to `/tmp`, but only if there isn't a file of the same name already present",mv -n file.txt /tmp,Moves file.txt to /tmp without overwriting existing files.
I need to push `file.txt` into `/tmp` without destroying any existing data,mv -n file.txt /tmp,Moves file.txt to /tmp without overwriting existing files.
"Please move `file.txt` to `/tmp`, preventing any potential file overwrites",mv -n file.txt /tmp,Moves file.txt to /tmp without overwriting existing files.
Execute a non-destructive move of `file.txt` to `/tmp`,mv -n file.txt /tmp,Moves file.txt to /tmp without overwriting existing files.
Delete file.txt and show me the output,rm -v file.txt,Deletes file.txt with verbose output.
Can you remove file.txt and confirm the action?,rm -v file.txt,Deletes file.txt with verbose output.
I need to delete file.txt verbosely,rm -v file.txt,Deletes file.txt with verbose output.
"Get rid of file.txt, and let me know when it's done",rm -v file.txt,Deletes file.txt with verbose output.
Please remove file.txt and display what happened,rm -v file.txt,Deletes file.txt with verbose output.
Erase file.txt and report the deletion,rm -v file.txt,Deletes file.txt with verbose output.
Perform a verbose removal of file.txt,rm -v file.txt,Deletes file.txt with verbose output.
Delete file.txt with output confirmation,rm -v file.txt,Deletes file.txt with verbose output.
I want to delete file.txt and see the command's output,rm -v file.txt,Deletes file.txt with verbose output.
"Remove file.txt, showing details of the operation",rm -v file.txt,Deletes file.txt with verbose output.
Could you delete file.txt and provide verbose feedback?,rm -v file.txt,Deletes file.txt with verbose output.
Trash file.txt and print a confirmation message,rm -v file.txt,Deletes file.txt with verbose output.
How do I create `script.sh` by typing its content directly into the terminal?,cat << EOF > script.sh,Creates script.sh with input until 'EOF' is entered.
What's the command to make `script.sh` using a heredoc?,cat << EOF > script.sh,Creates script.sh with input until 'EOF' is entered.
I need to write a multi-line script into `script.sh` from the command line. How?,cat << EOF > script.sh,Creates script.sh with input until 'EOF' is entered.
How can I use `cat` to create `script.sh` with interactive input until `EOF`?,cat << EOF > script.sh,Creates script.sh with input until 'EOF' is entered.
Show me how to generate `script.sh` from stdin using a delimiter,cat << EOF > script.sh,Creates script.sh with input until 'EOF' is entered.
What's the standard way to quickly create `script.sh` and type its content interactively?,cat << EOF > script.sh,Creates script.sh with input until 'EOF' is entered.
How do I populate `script.sh` by entering text line by line until I signal completion?,cat << EOF > script.sh,Creates script.sh with input until 'EOF' is entered.
Give me the command for a `cat` heredoc that outputs to `script.sh`,cat << EOF > script.sh,Creates script.sh with input until 'EOF' is entered.
"I want to create `script.sh` and then type the lines that go into it, ending with `EOF`",cat << EOF > script.sh,Creates script.sh with input until 'EOF' is entered.
How can I create a file `script.sh` from the console by typing the contents directly?,cat << EOF > script.sh,Creates script.sh with input until 'EOF' is entered.
What's the syntax to redirect several lines of typed input into `script.sh`?,cat << EOF > script.sh,Creates script.sh with input until 'EOF' is entered.
"How do you use `cat` to write a new file, `script.sh`, from a temporary stdin stream?",cat << EOF > script.sh,Creates script.sh with input until 'EOF' is entered.
How do I view `logfile.txt` using `less` with case-insensitive search?,less -i logfile.txt,Views logfile.txt in less with case-insensitive search.
I need to open `logfile.txt` in `less` and ignore case during searches,less -i logfile.txt,Views logfile.txt in less with case-insensitive search.
"Can you display `logfile.txt` for me, ensuring that searching doesn't distinguish between upper and lower case?",less -i logfile.txt,Views logfile.txt in less with case-insensitive search.
Open `logfile.txt` with `less` and enable case-insensitive searching,less -i logfile.txt,Views logfile.txt in less with case-insensitive search.
I want to look at `logfile.txt` but have my searches be case-insensitive,less -i logfile.txt,Views logfile.txt in less with case-insensitive search.
"Show me `logfile.txt` in `less`, and make sure searches don't care about case",less -i logfile.txt,Views logfile.txt in less with case-insensitive search.
Please view `logfile.txt` and set `less` to search without case sensitivity,less -i logfile.txt,Views logfile.txt in less with case-insensitive search.
"Could you access `logfile.txt` using `less`, with the case-insensitive option turned on?",less -i logfile.txt,Views logfile.txt in less with case-insensitive search.
I'd like to examine `logfile.txt` and perform searches where case is ignored,less -i logfile.txt,Views logfile.txt in less with case-insensitive search.
"Open `logfile.txt` using the `less` command, and I need the search to be case-insensitive",less -i logfile.txt,Views logfile.txt in less with case-insensitive search.
"Display `logfile.txt` with `less`, allowing for case-insensitive pattern matching",less -i logfile.txt,Views logfile.txt in less with case-insensitive search.
"Load `logfile.txt` into `less`, and ensure that any searches I do are not case-sensitive",less -i logfile.txt,Views logfile.txt in less with case-insensitive search.
How can I view `access.log` without the last five lines?,head -n -5 access.log,Displays all but the last 5 lines of access.log.
"Display `access.log`, showing all lines except the final five",head -n -5 access.log,Displays all but the last 5 lines of access.log.
"I need to see `access.log`, but I want to exclude the last 5 entries",head -n -5 access.log,Displays all but the last 5 lines of access.log.
"Show me the content of `access.log` from the beginning, stopping 5 lines before the end",head -n -5 access.log,Displays all but the last 5 lines of access.log.
What's the command to output `access.log` and skip the bottom 5 lines?,head -n -5 access.log,Displays all but the last 5 lines of access.log.
"Show me `access.log`, but don't include the very last five lines",head -n -5 access.log,Displays all but the last 5 lines of access.log.
"I want to view the first part of `access.log`, effectively trimming off the last 5 lines",head -n -5 access.log,Displays all but the last 5 lines of access.log.
How do I display `access.log` and omit its final 5 lines?,head -n -5 access.log,Displays all but the last 5 lines of access.log.
"Give me `access.log`, but leave out the last five lines",head -n -5 access.log,Displays all but the last 5 lines of access.log.
"I need to see the log file, `access.log`, cutting off the last 5 lines from the output",head -n -5 access.log,Displays all but the last 5 lines of access.log.
Display everything in `access.log` except the most recent 5 entries,head -n -5 access.log,Displays all but the last 5 lines of access.log.
"Show me `access.log`, starting from the beginning and ending 5 lines from the end of the file",head -n -5 access.log,Displays all but the last 5 lines of access.log.
How do I display the last 3 lines of file1.txt and file2.txt without showing the file names?,tail -q -n 3 file1.txt file2.txt,Displays the last 3 lines of file1.txt and file2.txt without headers.
"Could you show me the final three lines from file1.txt and file2.txt, suppressing the header output?",tail -q -n 3 file1.txt file2.txt,Displays the last 3 lines of file1.txt and file2.txt without headers.
"I need to get the bottom 3 lines of file1.txt and file2.txt, but I don't want any file headers",tail -q -n 3 file1.txt file2.txt,Displays the last 3 lines of file1.txt and file2.txt without headers.
What's the command to view the last 3 lines of both file1.txt and file2.txt in quiet mode?,tail -q -n 3 file1.txt file2.txt,Displays the last 3 lines of file1.txt and file2.txt without headers.
"Show me the last three lines of file1.txt and file2.txt, ensuring no file names are printed",tail -q -n 3 file1.txt file2.txt,Displays the last 3 lines of file1.txt and file2.txt without headers.
"How can I extract the final 3 lines of file1.txt and file2.txt, omitting the file name headers?",tail -q -n 3 file1.txt file2.txt,Displays the last 3 lines of file1.txt and file2.txt without headers.
"Please output the last 3 lines of file1.txt and file2.txt, without their respective file names as headers",tail -q -n 3 file1.txt file2.txt,Displays the last 3 lines of file1.txt and file2.txt without headers.
"I want to see just the bottom three lines of file1.txt and file2.txt, with no additional information like file titles",tail -q -n 3 file1.txt file2.txt,Displays the last 3 lines of file1.txt and file2.txt without headers.
"What's the way to print the last three lines from file1.txt and file2.txt, without any file name prefixes?",tail -q -n 3 file1.txt file2.txt,Displays the last 3 lines of file1.txt and file2.txt without headers.
"Can you give me the last 3 lines of file1.txt and file2.txt, and nothing else?",tail -q -n 3 file1.txt file2.txt,Displays the last 3 lines of file1.txt and file2.txt without headers.
"How do I retrieve the final 3 lines from file1.txt and file2.txt, ensuring the quiet option is active?",tail -q -n 3 file1.txt file2.txt,Displays the last 3 lines of file1.txt and file2.txt without headers.
"Display the last 3 lines of file1.txt and file2.txt, making sure file headers are not shown",tail -q -n 3 file1.txt file2.txt,Displays the last 3 lines of file1.txt and file2.txt without headers.
How do I check the system's hostname?,uname -n,Displays the system's hostname.
What's the command to display this machine's network name?,uname -n,Displays the system's hostname.
Could you show me the current hostname?,uname -n,Displays the system's hostname.
I need to find out the hostname for this server,uname -n,Displays the system's hostname.
How do I get the hostname from the command line?,uname -n,Displays the system's hostname.
What command reports the system's hostname?,uname -n,Displays the system's hostname.
Display this computer's name,uname -n,Displays the system's hostname.
How can I see what this host is called?,uname -n,Displays the system's hostname.
Tell me the hostname of this Linux box,uname -n,Displays the system's hostname.
What's the command to get the node name?,uname -n,Displays the system's hostname.
Could you tell me this system's identifier?,uname -n,Displays the system's hostname.
Show me the current machine name,uname -n,Displays the system's hostname.
How do I check inode usage on my filesystems?,df -i,Shows inode usage for filesystems.
I need to see the inode consumption across my disks,df -i,Shows inode usage for filesystems.
What's the command to display inode information?,df -i,Shows inode usage for filesystems.
Can you show me the free and used inodes for my mounted filesystems?,df -i,Shows inode usage for filesystems.
My system is reporting low inodes; how do I verify this?,df -i,Shows inode usage for filesystems.
"How can I see inode statistics, similar to how `df` shows block usage?",df -i,Shows inode usage for filesystems.
I want to list the inode usage for all filesystems,df -i,Shows inode usage for filesystems.
Show me the available and used inodes on this server,df -i,Shows inode usage for filesystems.
What's the option for `df` to display inode numbers?,df -i,Shows inode usage for filesystems.
Is there a command to check how many inodes are left?,df -i,Shows inode usage for filesystems.
I need to find out which filesystems are running low on inodes,df -i,Shows inode usage for filesystems.
Display inode usage per filesystem,df -i,Shows inode usage for filesystems.
How do I recursively set permissions on /data to 750?,chmod -R 750 /data,"Recursively sets /data to rwx for owner, rx for group, none for others."
"I need to change the permissions on the /data directory and everything within it so the owner has full access, the group can read and execute, and others have no access",chmod -R 750 /data,"Recursively sets /data to rwx for owner, rx for group, none for others."
"What's the command to give the owner rwx, group rx, and others no permissions for /data, including all its contents?",chmod -R 750 /data,"Recursively sets /data to rwx for owner, rx for group, none for others."
Can you tell me how to chmod /data and its subdirectories to 750?,chmod -R 750 /data,"Recursively sets /data to rwx for owner, rx for group, none for others."
"I want to secure the /data folder. How do I make sure only the owner has full control, the group can just read/execute, and no one else can touch it, affecting all files inside?",chmod -R 750 /data,"Recursively sets /data to rwx for owner, rx for group, none for others."
"Recursively set /data permissions to owner rwx, group rx, others none",chmod -R 750 /data,"Recursively sets /data to rwx for owner, rx for group, none for others."
I need the command to set permissions for `/data` and its subfolders to `750`,chmod -R 750 /data,"Recursively sets /data to rwx for owner, rx for group, none for others."
"Hey, I need to fix permissions on /data. I want the owner to have read, write, and execute, the group to have read and execute, and no one else to have anything. And it needs to apply to everything in there. What's the command?",chmod -R 750 /data,"Recursively sets /data to rwx for owner, rx for group, none for others."
"How do I use `chmod` to assign rwx for the owner, rx for the group, and no permissions for others, for /data and all its contents?",chmod -R 750 /data,"Recursively sets /data to rwx for owner, rx for group, none for others."
"Set /data to 750, all subfolders included",chmod -R 750 /data,"Recursively sets /data to rwx for owner, rx for group, none for others."
I need to apply the octal permissions 750 recursively to the /data directory,chmod -R 750 /data,"Recursively sets /data to rwx for owner, rx for group, none for others."
"I'm setting up a new shared directory at /data. I want the owner to have full control (rwx), the group to only be able to read and execute (rx), and absolutely no access for any other users. This needs to apply to everything from the top-level directory downwards. What's the best way to do this with a single command?",chmod -R 750 /data,"Recursively sets /data to rwx for owner, rx for group, none for others."
How do I change the group ownership of `file.txt` to `group`?,chown :group file.txt,Changes group ownership of file.txt to group.
What command do I use to set `file.txt`'s group to `group`?,chown :group file.txt,Changes group ownership of file.txt to group.
I need to assign `file.txt` to the `group` group,chown :group file.txt,Changes group ownership of file.txt to group.
Can you run the `chown` command to change only the group for `file.txt` to `group`?,chown :group file.txt,Changes group ownership of file.txt to group.
Set `file.txt`'s group owner to `group`,chown :group file.txt,Changes group ownership of file.txt to group.
How can I make `group` the primary group for `file.txt`?,chown :group file.txt,Changes group ownership of file.txt to group.
"Change the group of `file.txt` to `group`, please",chown :group file.txt,Changes group ownership of file.txt to group.
I want `file.txt` to be owned by the `group` group,chown :group file.txt,Changes group ownership of file.txt to group.
What's the syntax for changing just the group of `file.txt` to `group` using `chown`?,chown :group file.txt,Changes group ownership of file.txt to group.
Give `group` group ownership of `file.txt`,chown :group file.txt,Changes group ownership of file.txt to group.
How do I modify the group attribute of `file.txt` to `group`?,chown :group file.txt,Changes group ownership of file.txt to group.
Make `file.txt` belong to `group`,chown :group file.txt,Changes group ownership of file.txt to group.
Run `apt clean`,apt clean,Clears local repository of retrieved package files on Debian-based systems.
How do I clear the apt package cache?,apt clean,Clears local repository of retrieved package files on Debian-based systems.
Please execute the `apt clean` command,apt clean,Clears local repository of retrieved package files on Debian-based systems.
I want to remove downloaded `.deb` files from my system. What should I type?,apt clean,Clears local repository of retrieved package files on Debian-based systems.
Could you clean up the local repository of package files?,apt clean,Clears local repository of retrieved package files on Debian-based systems.
Perform an `apt clean` operation,apt clean,Clears local repository of retrieved package files on Debian-based systems.
What's the command to clear retrieved package files?,apt clean,Clears local repository of retrieved package files on Debian-based systems.
Go ahead and clear the apt cache,apt clean,Clears local repository of retrieved package files on Debian-based systems.
Initiate the apt package cleanup,apt clean,Clears local repository of retrieved package files on Debian-based systems.
I need to free up space; what's the `apt` command for clearing old package archives?,apt clean,Clears local repository of retrieved package files on Debian-based systems.
Can you run the command that removes leftover package installation files?,apt clean,Clears local repository of retrieved package files on Debian-based systems.
Execute the command that purges the local apt package cache,apt clean,Clears local repository of retrieved package files on Debian-based systems.
How do I check for system updates?,yum check-update,Checks for available package updates on CentOS/RHEL systems.
What's the command to list available package updates?,yum check-update,Checks for available package updates on CentOS/RHEL systems.
Can you tell me if there are any new packages for my system?,yum check-update,Checks for available package updates on CentOS/RHEL systems.
I need to see what updates are pending using yum,yum check-update,Checks for available package updates on CentOS/RHEL systems.
How do I use yum to check for software updates?,yum check-update,Checks for available package updates on CentOS/RHEL systems.
Display available package updates,yum check-update,Checks for available package updates on CentOS/RHEL systems.
Are there any updates for my installed software?,yum check-update,Checks for available package updates on CentOS/RHEL systems.
I want to run a package update check,yum check-update,Checks for available package updates on CentOS/RHEL systems.
What command shows me outdated packages on CentOS?,yum check-update,Checks for available package updates on CentOS/RHEL systems.
Can you check for any new software versions I should install?,yum check-update,Checks for available package updates on CentOS/RHEL systems.
Show me the list of packages that can be upgraded,yum check-update,Checks for available package updates on CentOS/RHEL systems.
Perform a check for new package updates,yum check-update,Checks for available package updates on CentOS/RHEL systems.
Please run `dnf autoremove`,dnf autoremove,Removes unused dependencies on Fedora-based systems.
I want to remove unused dependencies from my system,dnf autoremove,Removes unused dependencies on Fedora-based systems.
Can you clean up orphaned packages on my Fedora system?,dnf autoremove,Removes unused dependencies on Fedora-based systems.
Could you free up some disk space by removing unneeded software?,dnf autoremove,Removes unused dependencies on Fedora-based systems.
How do I uninstall packages that aren't required anymore?,dnf autoremove,Removes unused dependencies on Fedora-based systems.
Perform a package cleanup to get rid of obsolete components,dnf autoremove,Removes unused dependencies on Fedora-based systems.
Tidy up my DNF package installation,dnf autoremove,Removes unused dependencies on Fedora-based systems.
Run the command to automatically remove unnecessary packages,dnf autoremove,Removes unused dependencies on Fedora-based systems.
Could you please remove all non-essential software dependencies?,dnf autoremove,Removes unused dependencies on Fedora-based systems.
I need to prune unutilized packages from my system,dnf autoremove,Removes unused dependencies on Fedora-based systems.
Clean out old dependencies that are no longer needed after software removals,dnf autoremove,Removes unused dependencies on Fedora-based systems.
What's the command to clear out all the accumulated package junk?,dnf autoremove,Removes unused dependencies on Fedora-based systems.
Run `ping -c 2 192.168.1.1`,ping -c 2 192.168.1.1,Sends 2 ICMP echo requests to the IP 192.168.1.1.
Please ping 192.168.1.1 two times,ping -c 2 192.168.1.1,Sends 2 ICMP echo requests to the IP 192.168.1.1.
How do I send two ICMP echo requests to 192.168.1.1?,ping -c 2 192.168.1.1,Sends 2 ICMP echo requests to the IP 192.168.1.1.
I need to check connectivity to 192.168.1.1. Can you run ping with a count of 2?,ping -c 2 192.168.1.1,Sends 2 ICMP echo requests to the IP 192.168.1.1.
Execute the command to send two pings to,ping -c 2 192.168.1.1,Sends 2 ICMP echo requests to the IP 192.168.1.1.
What's the command to ping 192.168.1.1 a couple of times?,ping -c 2 192.168.1.1,Sends 2 ICMP echo requests to the IP 192.168.1.1.
"Could you please run a ping test to 192.168.1.1, sending only two packets?",ping -c 2 192.168.1.1,Sends 2 ICMP echo requests to the IP 192.168.1.1.
Initiate two pings to the IP address,ping -c 2 192.168.1.1,Sends 2 ICMP echo requests to the IP 192.168.1.1.
Show me the command to send two ping requests to,ping -c 2 192.168.1.1,Sends 2 ICMP echo requests to the IP 192.168.1.1.
I want to confirm if 192.168.1.1 is reachable. Run `ping` with a count of 2 for me,ping -c 2 192.168.1.1,Sends 2 ICMP echo requests to the IP 192.168.1.1.
"Perform a `ping` to 192.168.1.1, limit it to two probes",ping -c 2 192.168.1.1,Sends 2 ICMP echo requests to the IP 192.168.1.1.
Go ahead and ping 192.168.1.1 twice,ping -c 2 192.168.1.1,Sends 2 ICMP echo requests to the IP 192.168.1.1.
